fold,E-CPV Uncertainty bounds,E-MHA Uncertainty bounds,S-MHA Uncertainty bounds
0,[6.9941569999999995],[5.00676655],[6.555555555555555]
1,[5.247751966666666],[5.660945770833334],[3.5]
2,[6.610248929166667],[8.064482313333334],[13.384615384615385]
3,[8.140491942499999],[8.889981231707317],[8.416666666666666]
4,[5.461513288888888],[5.902382254761905],[3.90625]
5,[5.738090166666668],[4.726043013333334],[3.6842105263157894]
6,[3.9522077148148154],[3.8204898571428574],[3.0555555555555554]
7,[6.421550157142858],[6.8485973],[3.6666666666666665]
