fold,E-CPV Uncertainty bounds,E-MHA Uncertainty bounds,S-MHA Uncertainty bounds
0,"[6.023785750000001, 14.010444033333311]","[5.00676655, 14.357026533333332]","[3.5, 6.555555555555555]"
1,"[4.6592978333333335, 5.247751966666666]","[5.660945770833334, 5.660945770833334]","[3.5, 3.6666666666666665]"
2,"[6.610248929166667, 6.610248929166667]","[6.102453818181818, 8.064482313333334]","[3.96875, 13.384615384615385]"
3,"[8.140491942499999, 8.140491942499999]","[8.889981231707317, 8.889981231707317]","[8.416666666666666, 8.416666666666666]"
4,"[5.461513288888888, 7.11247205]","[5.902382254761905, 5.902382254761905]","[3.90625, 5.375]"
5,"[5.738090166666668, 5.738090166666668]","[4.726043013333334, 4.764036241666667]","[3.2916666666666665, 3.6842105263157894]"
6,"[3.9522077148148154, 4.645798988888888]","[3.8204898571428574, 4.980178840000001]","[2.1052631578947367, 4.666666666666667]"
7,"[6.365670629999999, 7.181169125]","[6.6649674999999995, 15.93813194]","[3.25, 4.833333333333333]"
