fold,E-CPV Uncertainty bounds,E-MHA Uncertainty bounds,S-MHA Uncertainty bounds
0,"[9.937533780701756, 9.951451342105264]","[8.462176655999999, 24.973607852631577]","[5.684210526315789, 10.636363636363637]"
1,"[8.064671344186047, 8.064671344186047]","[7.896611217142857, 7.896611217142857]","[4.905405405405405, 4.905405405405405]"
2,"[8.299584381818184, 35.716809733333285]","[7.7319660500000005, 33.325035373333336]","[18.822580645161292, 18.822580645161292]"
3,"[7.239388759999999, 7.5495176]","[7.0187721555555544, 11.747710217647061]","[4.84375, 19.323529411764707]"
4,"[8.3254787, 29.03064205833333]","[6.824760333333333, 29.366382663157896]","[6.5, 12.03125]"
5,"[8.580537211538461, 10.138637035714284]","[9.634287384848486, 9.634287384848486]","[6.8088235294117645, 6.8088235294117645]"
6,"[8.4084587375, 9.96321975]","[8.921989142857141, 13.888070028571423]","[10.153846153846153, 21.1875]"
7,"[11.788993450000001, 25.791802771428568]","[9.672288063636362, 26.023265944444447]","[8.75, 16.58823529411765]"
