fold,E-CPV Uncertainty bounds,E-MHA Uncertainty bounds,S-MHA Uncertainty bounds
0,"[5.81893632982151, 11.236393308323597]","[6.351166956988869, 7.159256875752115]","[23.212631361072866, 24.335922028297908]"
1,"[5.490338073722595, 9.787595113231893]","[6.477814133635938, 6.477814133635938]","[20.089068192652594, 20.089068192652594]"
2,"[4.4013684240536355, 6.118840962201161]","[4.884449990753703, 7.093562887651254]","[5.9497205542720835, 7.471380275754212]"
3,"[4.513064181662056, 5.622698528083971]","[3.989354734775746, 4.106919547545527]","[4.976625474054143, 6.1524492177089165]"
4,"[4.804731001225479, 5.284345308633445]","[2.644080973089385, 4.044850316130667]","[7.01536506688453, 7.01536506688453]"
5,"[4.677813656173877, 5.458835947906739]","[4.19896145569696, 4.19896145569696]","[4.616530886451707, 6.83016845963473]"
6,"[4.117556233632894, 4.406597624084999]","[3.2584844837765936, 3.2584844837765936]","[4.623953443745633, 5.370858377298947]"
7,"[4.021716343515133, 4.021716343515133]","[3.2541890202705233, 3.2541890202705233]","[4.6123686368834775, 5.085699534144243]"
