fold,E-CPV Uncertainty bounds,E-MHA Uncertainty bounds,S-MHA Uncertainty bounds
0,"[16.811126168100607, 16.811126168100607]","[10.152346999449446, 11.087993192593784]","[10.136609787444513, 14.976372335637041]"
1,"[7.907579206952367, 8.830701980435812]","[9.00636880170234, 9.00636880170234]","[7.968623383158304, 7.968623383158304]"
2,"[7.421297769827116, 7.583983394285487]","[8.634859817968163, 8.634859817968163]","[7.950778572225426, 7.950778572225426]"
3,"[6.379452323428138, 8.660783211955849]","[6.708336769294749, 7.093268098023654]","[7.993747813789328, 7.993747813789328]"
4,"[9.848833445043406, 9.866973090406807]","[8.53013755904582, 9.442582568885522]","[9.532827065123591, 11.379233829679162]"
5,"[8.918118285169669, 10.071244460173158]","[8.441808718343358, 8.441808718343358]","[9.888895168605798, 9.888895168605798]"
6,"[7.697583477150742, 10.001942859149205]","[6.68743182069592, 6.883083079478121]","[8.596960005231734, 8.596960005231734]"
7,"[7.675449103064399, 7.675449103064399]","[6.496579572359774, 6.496579572359774]","[7.861745988560756, 8.33328033627588]"
