fold,E-CPV Uncertainty bounds,E-MHA Uncertainty bounds,S-MHA Uncertainty bounds
0,"[22.976548210780205, 27.40739729012588]","[20.889911234044323, 22.80901901947956]","[41.5001314243522, 49.051814914445195]"
1,"[10.63705069086452, 25.131753847528522]","[8.927180559013772, 26.21150647055451]","[17.747562751379835, 37.600330240111504]"
2,"[15.414739476656798, 22.84050033099454]","[12.583020401503369, 18.605781663761327]","[18.343392530938605, 18.343392530938605]"
3,"[11.327918999272024, 19.55771324253093]","[10.870544615522839, 21.710235168452996]","[11.99992862738485, 32.87438446009698]"
