fold,E-CPV Uncertainty bounds,E-MHA Uncertainty bounds,S-MHA Uncertainty bounds
0,"[5.6952180508350585, 8.897689901123263]","[6.370882277721659, 8.185694742318756]","[9.431606674501875, 10.282918553720961]"
1,"[7.672008280540554, 9.583870058148241]","[8.939491329694588, 9.58813117795041]","[29.655352560235894, 43.49996888396425]"
2,"[6.833700133510217, 6.833700133510217]","[7.356589346275042, 7.356589346275042]","[9.344665254557313, 9.344665254557313]"
3,"[7.171169089384811, 7.579136195058777]","[7.2193846335885725, 10.434795396422395]","[9.683998094350848, 9.88832736388822]"
