fold,E-CPV Uncertainty bounds,E-MHA Uncertainty bounds,S-MHA Uncertainty bounds
0,"[10.138307623137363, 10.138307623137363]","[9.905651319921484, 10.909781704664235]","[19.850867693486165, 26.626801177094446]"
1,"[11.735717817058752, 11.735717817058752]","[12.22505512514281, 12.945742013739942]","[14.270082846385767, 25.7338927600162]"
2,"[12.463422029883658, 12.463422029883658]","[11.383035074037304, 11.383035074037304]","[14.447056590236874, 14.447056590236874]"
3,"[10.783090827971899, 10.783090827971899]","[10.525093446742352, 10.525093446742352]","[11.1354679917158, 11.462907877721214]"
