fold,E-CPV Uncertainty bounds,E-MHA Uncertainty bounds,S-MHA Uncertainty bounds
0,"[12.465879414337396, 12.465879414337396]","[12.960803918058444, 12.960803918058444]","[15.326749646863393, 15.326749646863393]"
1,"[13.129981980252566, 13.215039307546794]","[12.33569663677483, 12.33569663677483]","[10.572857990015834, 14.604292555783113]"
2,"[8.410245516576321, 10.101042438146841]","[8.829212013507407, 9.954917641859051]","[12.037857823024273, 14.707613940683215]"
3,"[7.787747521472832, 9.848688662514556]","[7.864606129421759, 10.622545256677434]","[14.076867743113157, 17.40763539610184]"
