fold,E-CPV Uncertainty bounds,E-MHA Uncertainty bounds,S-MHA Uncertainty bounds
0,"[8.825882414153527, 8.825882414153527]","[8.71633781183109, 10.342486749274995]","[11.493692329724457, 12.881043997779813]"
1,"[7.866235767883179, 10.471809375719463]","[7.9727179304010605, 8.990184036298837]","[11.635630746479308, 15.141848810394587]"
2,"[7.6550200168771125, 7.6550200168771125]","[6.0921103551602815, 7.94794233042906]","[11.176491796548014, 11.176491796548014]"
3,"[9.789213178745664, 9.789213178745664]","[8.56901200693021, 12.46825418399868]","[11.406073958295087, 11.645808411956946]"
