fold,E-CPV Uncertainty bounds,E-MHA Uncertainty bounds,S-MHA Uncertainty bounds
0,"[10.547876596801009, 17.823774590757374]","[10.481994448320258, 10.701702378791905]","[7.8428719843630725, 11.609540357373705]"
1,"[8.938558222934567, 17.30489176211905]","[9.795585198845549, 12.112491400623322]","[11.608214302925678, 12.846968389920615]"
2,"[11.006751540060886, 22.48815028530995]","[8.670895691029234, 10.424265628251863]","[7.825357642567716, 12.974749921094343]"
3,"[9.495401926560042, 16.850553343613342]","[8.53635362329143, 12.026272829307231]","[6.544609367274189, 7.6859858791715725]"
