fold,E-CPV Uncertainty bounds,E-MHA Uncertainty bounds,S-MHA Uncertainty bounds
0,"[5.81893632982151, 5.81893632982151, 11.236393308323597, 11.236393308323597]","[5.913166256526631, 6.589295439473952, 6.900584323789238, 12.289384892858275]","[19.83325863998673, 23.212631361072866, 23.212631361072866, 24.335922028297908]"
1,"[4.274806729301081, 7.038115035832141, 7.5938096480441395, 10.352169184430576]","[6.477814133635938, 6.477814133635938, 6.477814133635938, 8.822908174322993]","[20.089068192652594, 20.089068192652594, 20.089068192652594, 20.089068192652594]"
2,"[4.4013684240536355, 4.4013684240536355, 5.779473449310087, 10.509806807305226]","[4.884449990753703, 4.884449990753703, 5.3262725701332245, 7.093562887651254]","[5.9497205542720835, 5.9497205542720835, 6.353580859525398, 8.030279983868645]"
3,"[4.513064181662056, 4.513064181662056, 5.622698528083971, 5.622698528083971]","[3.989354734775746, 3.989354734775746, 4.106919547545527, 4.106919547545527]","[4.976625474054143, 4.976625474054143, 6.058265422847676, 8.666157448207239]"
4,"[4.767503845437283, 4.804731001225479, 5.284345308633445, 5.284345308633445]","[2.644080973089385, 2.644080973089385, 4.044850316130667, 4.139728250640135]","[7.01536506688453, 7.01536506688453, 7.01536506688453, 7.01536506688453]"
5,"[4.677813656173877, 4.677813656173877, 5.458835947906739, 5.458835947906739]","[3.830005363994425, 4.19896145569696, 4.19896145569696, 4.404992078783746]","[3.8091994207799136, 4.616530886451707, 6.83016845963473, 6.83016845963473]"
6,"[3.992242630356303, 4.406597624084999, 4.406597624084999, 4.406597624084999]","[3.2584844837765936, 3.2584844837765936, 3.2584844837765936, 3.5361379171265126]","[4.623953443745633, 5.082738228026389, 5.370858377298947, 5.370858377298947]"
7,"[4.021716343515133, 4.021716343515133, 4.021716343515133, 4.407337375772935]","[2.4629568256597225, 3.2541890202705233, 3.2541890202705233, 3.2541890202705233]","[4.6123686368834775, 4.6123686368834775, 5.085699534144243, 5.085699534144243]"
